{"BatchWise/batch_loss/pnet": 0.2702627182006836, "_timestamp": 1715556946.10062, "_runtime": 165.33832001686096, "_step": 989, "DataLoader/pnet": {"worker_4": 0.17840147018432617}, "TrainTime": {"pnet": 0.6443662643432617}, "training/pnet": {"accuracy": 0.9307907223701477, "avg_loss": 0.1797093152999878}, "validation/pnet": {"accuracy": 0.8684700727462769, "avg_loss": 0.31103387475013733}, "_wandb": {"runtime": 165}}