{"BatchWise/batch_loss/pnet": 0.43435138463974, "_timestamp": 1715556552.547068, "_runtime": 156.30917716026306, "_step": 950, "_wandb": {"runtime": 168}}