{"BatchWise/batch_loss/pnet": 0.6285098791122437, "_timestamp": 1715556374.9330568, "_runtime": 9.471641778945923, "_step": 95, "_wandb": {"runtime": 9}}