{"BatchWise/batch_loss/rnet": 0.6867373585700989, "_timestamp": 1715583513.1734066, "_runtime": 10.596094608306885, "_step": 81, "_wandb": {"runtime": 10}}